Workbook

Sheet Dashboard
B2: SALES DASHBOARD
B3: October 2026 • Net sales performance by product, region and day
C4: PRODUCT | D4: All | G4: REGION | H4: All | J4: ◄ pick from the dropdowns
B6: TOTAL SALES | E6: NET SALES | H6: DISCOUNTS | K6: ORDERS
B7: =SUMIFS(Data!$G$2:$G$500,Data!$C$2:$C$500,Calc!$B$3,Data!$D$2:$D$500,Calc!$B$4) -> 232000 | E7: =SUMIFS(Data!$I$2:$I$500,Data!$C$2:$C$500,Calc!$B$3,Data!$D$2:$D$500,Calc!$B$4) -> 225850 | H7: =SUMIFS(Data!$H$2:$H$500,Data!$C$2:$C$500,Calc!$B$3,Data!$D$2:$D$500,Calc!$B$4) -> 6150 | K7: =COUNTIFS(Data!$A$2:$A$500,">0",Data!$C$2:$C$500,Calc!$B$3,Data!$D$2:$D$500,Calc!$B$4) -> 17
B10: Net Sales by Product | H10: Net Sales by Region
B27: Daily Net Sales
B45: Net Sales: Product × Region | H45: ="Gross Sales vs Discount (correlation: "&TEXT(CORREL(Data!$G$2:$G$200,Data!$H$2:$H$200),"0.00")&")" -> Gross Sales vs Discount (correlation: 0.74)

Sheet Data
A1: Order ID | B1: Date | C1: Product | D1: Region | E1: Quantity | F1: Unit Price | G1: Gross Sales | H1: Discount | I1: Net Sales
A2: 5001 | B2: 46296 | C2: Laptop | D2: Cairo | E2: 2 | F2: 25000 | G2: =E2*F2 -> 50000 | H2: 1000 | I2: =G2-H2 -> 49000
A3: 5002 | B3: 46296 | C3: Mouse | D3: Alex | E3: 5 | F3: 500 | G3: =E3*F3 -> 2500 | H3: 100 | I3: =G3-H3 -> 2400
A4: 5003 | B4: 46297 | C4: Keyboard | D4: Cairo | E4: 3 | F4: 1200 | G4: =E4*F4 -> 3600 | H4: 150 | I4: =G4-H4 -> 3450
A5: 5004 | B5: 46297 | C5: Laptop | D5: Cairo | E5: 1 | F5: 25000 | G5: =E5*F5 -> 25000 | H5: 500 | I5: =G5-H5 -> 24500
A6: 5005 | B6: 46298 | C6: Mouse | D6: Giza | E6: 6 | F6: 500 | G6: =E6*F6 -> 3000 | H6: 300 | I6: =G6-H6 -> 2700
A7: 5006 | B7: 46298 | C7: Laptop | D7: Giza | E7: 1 | F7: 25000 | G7: =E7*F7 -> 25000 | H7: 500 | I7: =G7-H7 -> 24500
A8: 5007 | B8: 46299 | C8: Keyboard | D8: Alex | E8: 2 | F8: 1200 | G8: =E8*F8 -> 2400 | H8: 200 | I8: =G8-H8 -> 2200
A9: 5008 | B9: 46299 | C9: Mouse | D9: Cairo | E9: 4 | F9: 500 | G9: =E9*F9 -> 2000 | H9: 0 | I9: =G9-H9 -> 2000
A10: 5009 | B10: 46300 | C10: Laptop | D10: Cairo | E10: 1 | F10: 25000 | G10: =E10*F10 -> 25000 | H10: 1500 | I10: =G10-H10 -> 23500
A11: 5010 | B11: 46300 | C11: Keyboard | D11: Giza | E11: 4 | F11: 1200 | G11: =E11*F11 -> 4800 | H11: 100 | I11: =G11-H11 -> 4700
A12: 5011 | B12: 46301 | C12: Mouse | D12: Alex | E12: 3 | F12: 500 | G12: =E12*F12 -> 1500 | H12: 0 | I12: =G12-H12 -> 1500
A13: 5012 | B13: 46301 | C13: Laptop | D13: Cairo | E13: 2 | F13: 25000 | G13: =E13*F13 -> 50000 | H13: 1000 | I13: =G13-H13 -> 49000
... A18: 5017 | B18: 46304 | C18: Keyboard | D18: Cairo | E18: 2 | F18: 1200 | G18: =E18*F18 -> 2400 | H18: 100 | I18: =G18-H18 -> 2300

Sheet Calc
A1: Helper data for the Dashboard (live formulas - do not edit)
A3: Product filter | B3: =IF(Dashboard!$D$4="All","*",Dashboard!$D$4) -> *
A4: Region filter | B4: =IF(Dashboard!$H$4="All","*",Dashboard!$H$4) -> *
A6: Product | B6: Net Sales | D6: Region | E6: Net Sales | G6: Product | H6: Cairo | I6: Giza | J6: Alex
A7: Laptop | B7: =SUMIFS(Data!$I$2:$I$500,Data!$C$2:$C$500,A7,Data!$D$2:$D$500,Calc!$B$4) -> 195500 | D7: Cairo | E7: =SUMIFS(Data!$I$2:$I$500,Data!$D$2:$D$500,D7,Data!$C$2:$C$500,Calc!$B$3) -> 154700 | G7: Laptop | H7: =SUMIFS(Data!$I$2:$I$500,Data!$C$2:$C$500,$G7,Data!$D$2:$D$500,H$6,Data!$C$2:$C$500,Calc!$B$3,Data!$D$2:$D$500,Calc!$B$4) -> 146000 | I7: =SUMIFS(Data!$I$2:$I$500,Data!$C$2:$C$500,$G7,Data!$D$2:$D$500,I$6,Data!$C$2:$C$500,Calc!$B$3,Data!$D$2:$D$500,Calc!$B$4) -> 24500 | J7: =SUMIFS(Data!$I$2:$I$500,Data!$C$2:$C$500,$G7,Data!$D$2:$D$500,J$6,Data!$C$2:$C$500,Calc!$B$3,Data!$D$2:$D$500,Calc!$B$4) -> 25000
A8: Keyboard | B8: =SUMIFS(Data!$I$2:$I$500,Data!$C$2:$C$500,A8,Data!$D$2:$D$500,Calc!$B$4) -> 17200 | D8: Giza | E8: =SUMIFS(Data!$I$2:$I$500,Data!$D$2:$D$500,D8,Data!$C$2:$C$500,Calc!$B$3) -> 40050 | G8: Keyboard | H8: =SUMIFS(Data!$I$2:$I$500,Data!$C$2:$C$500,$G8,Data!$D$2:$D$500,H$6,Data!$C$2:$C$500,Calc!$B$3,Data!$D$2:$D$500,Calc!$B$4) -> 5750 | I8: =SUMIFS(Data!$I$2:$I$500,Data!$C$2:$C$500,$G8,Data!$D$2:$D$500,I$6,Data!$C$2:$C$500,Calc!$B$3,Data!$D$2:$D$500,Calc!$B$4) -> 9250 | J8: =SUMIFS(Data!$I$2:$I$500,Data!$C$2:$C$500,$G8,Data!$D$2:$D$500,J$6,Data!$C$2:$C$500,Calc!$B$3,Data!$D$2:$D$500,Calc!$B$4) -> 2200
A9: Mouse | B9: =SUMIFS(Data!$I$2:$I$500,Data!$C$2:$C$500,A9,Data!$D$2:$D$500,Calc!$B$4) -> 13150 | D9: Alex | E9: =SUMIFS(Data!$I$2:$I$500,Data!$D$2:$D$500,D9,Data!$C$2:$C$500,Calc!$B$3) -> 31100 | G9: Mouse | H9: =SUMIFS(Data!$I$2:$I$500,Data!$C$2:$C$500,$G9,Data!$D$2:$D$500,H$6,Data!$C$2:$C$500,Calc!$B$3,Data!$D$2:$D$500,Calc!$B$4) -> 2950 | I9: =SUMIFS(Data!$I$2:$I$500,Data!$C$2:$C$500,$G9,Data!$D$2:$D$500,I$6,Data!$C$2:$C$500,Calc!$B$3,Data!$D$2:$D$500,Calc!$B$4) -> 6300 | J9: =SUMIFS(Data!$I$2:$I$500,Data!$C$2:$C$500,$G9,Data!$D$2:$D$500,J$6,Data!$C$2:$C$500,Calc!$B$3,Data!$D$2:$D$500,Calc!$B$4) -> 3900
A12: Date | B12: Net Sales
A13: 46296 | B13: =SUMIFS(Data!$I$2:$I$500,Data!$B$2:$B$500,A13,Data!$C$2:$C$500,Calc!$B$3,Data!$D$2:$D$500,Calc!$B$4) -> 51400
A14: 46297 | B14: =SUMIFS(Data!$I$2:$I$500,Data!$B$2:$B$500,A14,Data!$C$2:$C$500,Calc!$B$3,Data!$D$2:$D$500,Calc!$B$4) -> 27950
A15: 46298 | B15: =SUMIFS(Data!$I$2:$I$500,Data!$B$2:$B$500,A15,Data!$C$2:$C$500,Calc!$B$3,Data!$D$2:$D$500,Calc!$B$4) -> 27200
A16: 46299 | B16: =SUMIFS(Data!$I$2:$I$500,Data!$B$2:$B$500,A16,Data!$C$2:$C$500,Calc!$B$3,Data!$D$2:$D$500,Calc!$B$4) -> 4200
A17: 46300 | B17: =SUMIFS(Data!$I$2:$I$500,Data!$B$2:$B$500,A17,Data!$C$2:$C$500,Calc!$B$3,Data!$D$2:$D$500,Calc!$B$4) -> 28200
A18: 46301 | B18: =SUMIFS(Data!$I$2:$I$500,Data!$B$2:$B$500,A18,Data!$C$2:$C$500,Calc!$B$3,Data!$D$2:$D$500,Calc!$B$4) -> 50500
A19: 46302 | B19: =SUMIFS(Data!$I$2:$I$500,Data!$B$2:$B$500,A19,Data!$C$2:$C$500,Calc!$B$3,Data!$D$2:$D$500,Calc!$B$4) -> 5500
A20: 46303 | B20: =SUMIFS(Data!$I$2:$I$500,Data!$B$2:$B$500,A20,Data!$C$2:$C$500,Calc!$B$3,Data!$D$2:$D$500,Calc!$B$4) -> 28600
A21: 46304 | B21: =SUMIFS(Data!$I$2:$I$500,Data!$B$2:$B$500,A21,Data!$C$2:$C$500,Calc!$B$3,Data!$D$2:$D$500,Calc!$B$4) -> 2300
